timeStamp,elapsed,label,responseCode,responseMessage,threadName,dataType,success,failureMessage,bytes,sentBytes,grpThreads,allThreads,URL,Latency,IdleTime,Connect
1670263826111,4260,Sign Up - Admin,200,OK,Thread Group - 1 1-1,text,true,,587,415,10,10,http://host.docker.internal:30005/api/cas/public/cas/basic_auth_public/signup/,4260,0,51
1670263830383,2,Debug Sampler,200,OK,Thread Group - 1 1-1,text,true,,431,0,10,10,null,0,0,0
1670263830386,217,Sign In - Admin,200,OK,Thread Group - 1 1-1,text,true,,2014,320,10,10,http://host.docker.internal:30005/api/cas/public/cas/basic_auth_public/signin/,217,0,0
1670263830608,2312,Create Organizational User,200,OK,Thread Group - 1 1-1,text,true,,585,1860,10,10,http://host.docker.internal:30005/api/cas/iam/users/create_organizational_user/,2312,0,0
1670263832976,56,User Policies,200,OK,Thread Group - 1 1-1,text,true,,478,1634,10,10,http://host.docker.internal:30005/api/cas/iam/users/manage_policies/941/,55,0,0
1670263833033,220,Create Organizational User,200,OK,Thread Group - 1 1-1,text,true,,590,1866,10,10,http://host.docker.internal:30005/api/cas/iam/users/create_organizational_user/,219,0,0
1670263833254,86,User Policies,200,OK,Thread Group - 1 1-1,text,true,,478,1634,10,10,http://host.docker.internal:30005/api/cas/iam/users/manage_policies/942/,86,0,0
1670263833342,273,Create Organizational User,200,OK,Thread Group - 1 1-1,text,true,,582,1856,10,10,http://host.docker.internal:30005/api/cas/iam/users/create_organizational_user/,273,0,0
1670263833617,51,User Policies,200,OK,Thread Group - 1 1-1,text,true,,478,1634,10,10,http://host.docker.internal:30005/api/cas/iam/users/manage_policies/943/,51,0,0
1670263833669,261,Create Organizational User,200,OK,Thread Group - 1 1-1,text,true,,583,1858,10,10,http://host.docker.internal:30005/api/cas/iam/users/create_organizational_user/,261,0,0
1670263833931,40,User Policies,200,OK,Thread Group - 1 1-1,text,true,,478,1634,10,10,http://host.docker.internal:30005/api/cas/iam/users/manage_policies/944/,40,0,0
1670263833972,199,Create Organizational User,200,OK,Thread Group - 1 1-1,text,true,,586,1862,10,10,http://host.docker.internal:30005/api/cas/iam/users/create_organizational_user/,199,0,0
1670263834173,86,User Policies,200,OK,Thread Group - 1 1-1,text,true,,478,1633,10,10,http://host.docker.internal:30005/api/cas/iam/users/manage_policies/945/,86,0,0
1670263834260,35,Sign Out - Admin,200,OK,Thread Group - 1 1-1,text,true,,680,1581,10,10,http://host.docker.internal:30005/api/cas/cas/basic_auth/signout/,35,0,0
1670263834297,2170,Sign Up - Admin,200,OK,Thread Group - 1 1-2,text,true,,585,414,9,9,http://host.docker.internal:30005/api/cas/public/cas/basic_auth_public/signup/,2170,0,3
1670263836468,0,Debug Sampler,200,OK,Thread Group - 1 1-2,text,true,,430,0,9,9,null,0,0,0
1670263836477,272,Sign In - Admin,200,OK,Thread Group - 1 1-2,text,true,,2014,320,9,9,http://host.docker.internal:30005/api/cas/public/cas/basic_auth_public/signin/,272,0,0
1670263836751,2251,Create Organizational User,200,OK,Thread Group - 1 1-2,text,true,,584,1856,9,9,http://host.docker.internal:30005/api/cas/iam/users/create_organizational_user/,2251,0,0
1670263839003,46,User Policies,200,OK,Thread Group - 1 1-2,text,true,,478,1634,9,9,http://host.docker.internal:30005/api/cas/iam/users/manage_policies/947/,46,0,0
1670263839050,215,Create Organizational User,200,OK,Thread Group - 1 1-2,text,true,,588,1864,9,9,http://host.docker.internal:30005/api/cas/iam/users/create_organizational_user/,215,0,0
1670263839266,94,User Policies,200,OK,Thread Group - 1 1-2,text,true,,478,1634,9,9,http://host.docker.internal:30005/api/cas/iam/users/manage_policies/948/,94,0,0
1670263839361,1254,Create Organizational User,200,OK,Thread Group - 1 1-2,text,true,,589,1864,9,9,http://host.docker.internal:30005/api/cas/iam/users/create_organizational_user/,1254,0,0
1670263840618,50,User Policies,200,OK,Thread Group - 1 1-2,text,true,,478,1633,9,9,http://host.docker.internal:30005/api/cas/iam/users/manage_policies/949/,50,0,0
1670263840669,241,Create Organizational User,200,OK,Thread Group - 1 1-2,text,true,,588,1862,9,9,http://host.docker.internal:30005/api/cas/iam/users/create_organizational_user/,241,0,0
1670263840911,41,User Policies,200,OK,Thread Group - 1 1-2,text,true,,478,1634,9,9,http://host.docker.internal:30005/api/cas/iam/users/manage_policies/950/,41,0,0
1670263840953,251,Create Organizational User,200,OK,Thread Group - 1 1-2,text,true,,585,1860,9,9,http://host.docker.internal:30005/api/cas/iam/users/create_organizational_user/,251,0,0
1670263841205,45,User Policies,200,OK,Thread Group - 1 1-2,text,true,,478,1634,9,9,http://host.docker.internal:30005/api/cas/iam/users/manage_policies/951/,45,0,0
1670263841251,79,Sign Out - Admin,200,OK,Thread Group - 1 1-2,text,true,,680,1581,9,9,http://host.docker.internal:30005/api/cas/cas/basic_auth/signout/,79,0,0
1670263841332,2201,Sign Up - Admin,200,OK,Thread Group - 1 1-3,text,true,,583,410,8,8,http://host.docker.internal:30005/api/cas/public/cas/basic_auth_public/signup/,2201,0,3
1670263843533,1,Debug Sampler,200,OK,Thread Group - 1 1-3,text,true,,427,0,8,8,null,0,0,0
1670263843534,202,Sign In - Admin,200,OK,Thread Group - 1 1-3,text,true,,2010,317,8,8,http://host.docker.internal:30005/api/cas/public/cas/basic_auth_public/signin/,202,0,0
1670263843738,2210,Create Organizational User,200,OK,Thread Group - 1 1-3,text,true,,589,1858,8,8,http://host.docker.internal:30005/api/cas/iam/users/create_organizational_user/,2210,0,0
1670263845949,47,User Policies,200,OK,Thread Group - 1 1-3,text,true,,478,1630,8,8,http://host.docker.internal:30005/api/cas/iam/users/manage_policies/953/,47,0,0
1670263845997,253,Create Organizational User,200,OK,Thread Group - 1 1-3,text,true,,588,1860,8,8,http://host.docker.internal:30005/api/cas/iam/users/create_organizational_user/,253,0,0
1670263846252,49,User Policies,200,OK,Thread Group - 1 1-3,text,true,,478,1630,8,8,http://host.docker.internal:30005/api/cas/iam/users/manage_policies/954/,49,0,0
1670263846302,254,Create Organizational User,200,OK,Thread Group - 1 1-3,text,true,,585,1856,8,8,http://host.docker.internal:30005/api/cas/iam/users/create_organizational_user/,253,0,0
1670263846556,95,User Policies,200,OK,Thread Group - 1 1-3,text,true,,478,1630,8,8,http://host.docker.internal:30005/api/cas/iam/users/manage_policies/955/,95,0,0
1670263846652,213,Create Organizational User,200,OK,Thread Group - 1 1-3,text,true,,586,1856,8,8,http://host.docker.internal:30005/api/cas/iam/users/create_organizational_user/,213,0,0
1670263846866,39,User Policies,200,OK,Thread Group - 1 1-3,text,true,,478,1630,8,8,http://host.docker.internal:30005/api/cas/iam/users/manage_policies/956/,39,0,0
1670263846906,265,Create Organizational User,200,OK,Thread Group - 1 1-3,text,true,,586,1858,8,8,http://host.docker.internal:30005/api/cas/iam/users/create_organizational_user/,265,0,0
1670263847172,44,User Policies,200,OK,Thread Group - 1 1-3,text,true,,478,1630,8,8,http://host.docker.internal:30005/api/cas/iam/users/manage_policies/957/,44,0,0
1670263847217,39,Sign Out - Admin,200,OK,Thread Group - 1 1-3,text,true,,680,1577,8,8,http://host.docker.internal:30005/api/cas/cas/basic_auth/signout/,39,0,0
1670263847259,2190,Sign Up - Admin,200,OK,Thread Group - 1 1-4,text,true,,581,408,7,7,http://host.docker.internal:30005/api/cas/public/cas/basic_auth_public/signup/,2190,0,3
1670263849450,0,Debug Sampler,200,OK,Thread Group - 1 1-4,text,true,,425,0,7,7,null,0,0,0
1670263849451,2214,Sign In - Admin,200,OK,Thread Group - 1 1-4,text,true,,2011,316,7,7,http://host.docker.internal:30005/api/cas/public/cas/basic_auth_public/signin/,2214,0,0
1670263851666,2219,Create Organizational User,200,OK,Thread Group - 1 1-4,text,true,,591,1862,7,7,http://host.docker.internal:30005/api/cas/iam/users/create_organizational_user/,2219,0,0
1670263853886,42,User Policies,200,OK,Thread Group - 1 1-4,text,true,,478,1630,7,7,http://host.docker.internal:30005/api/cas/iam/users/manage_policies/959/,42,0,0
1670263853929,188,Create Organizational User,200,OK,Thread Group - 1 1-4,text,true,,585,1856,7,7,http://host.docker.internal:30005/api/cas/iam/users/create_organizational_user/,188,0,0
1670263854118,83,User Policies,200,OK,Thread Group - 1 1-4,text,true,,478,1629,7,7,http://host.docker.internal:30005/api/cas/iam/users/manage_policies/960/,83,0,0
1670263854202,220,Create Organizational User,200,OK,Thread Group - 1 1-4,text,true,,581,1850,7,7,http://host.docker.internal:30005/api/cas/iam/users/create_organizational_user/,220,0,0
1670263854424,115,User Policies,200,OK,Thread Group - 1 1-4,text,true,,478,1630,7,7,http://host.docker.internal:30005/api/cas/iam/users/manage_policies/961/,115,0,0
1670263854540,280,Create Organizational User,200,OK,Thread Group - 1 1-4,text,true,,583,1854,7,7,http://host.docker.internal:30005/api/cas/iam/users/create_organizational_user/,280,0,0
1670263854821,89,User Policies,200,OK,Thread Group - 1 1-4,text,true,,478,1630,7,7,http://host.docker.internal:30005/api/cas/iam/users/manage_policies/962/,89,0,0
1670263854912,234,Create Organizational User,200,OK,Thread Group - 1 1-4,text,true,,585,1858,7,7,http://host.docker.internal:30005/api/cas/iam/users/create_organizational_user/,234,0,0
1670263855148,93,User Policies,200,OK,Thread Group - 1 1-4,text,true,,478,1630,7,7,http://host.docker.internal:30005/api/cas/iam/users/manage_policies/963/,93,0,0
1670263855242,44,Sign Out - Admin,200,OK,Thread Group - 1 1-4,text,true,,680,1577,7,7,http://host.docker.internal:30005/api/cas/cas/basic_auth/signout/,44,0,0
1670263855287,2195,Sign Up - Admin,200,OK,Thread Group - 1 1-5,text,true,,587,415,6,6,http://host.docker.internal:30005/api/cas/public/cas/basic_auth_public/signup/,2195,0,2
1670263857481,1,Debug Sampler,200,OK,Thread Group - 1 1-5,text,true,,432,0,6,6,null,0,0,0
1670263857482,197,Sign In - Admin,200,OK,Thread Group - 1 1-5,text,true,,2014,320,6,6,http://host.docker.internal:30005/api/cas/public/cas/basic_auth_public/signin/,197,0,0
1670263857680,2213,Create Organizational User,200,OK,Thread Group - 1 1-5,text,true,,583,1854,6,6,http://host.docker.internal:30005/api/cas/iam/users/create_organizational_user/,2213,0,0
1670263859895,44,User Policies,200,OK,Thread Group - 1 1-5,text,true,,478,1634,6,6,http://host.docker.internal:30005/api/cas/iam/users/manage_policies/965/,44,0,0
1670263859940,270,Create Organizational User,200,OK,Thread Group - 1 1-5,text,true,,589,1862,6,6,http://host.docker.internal:30005/api/cas/iam/users/create_organizational_user/,270,0,0
1670263860212,68,User Policies,200,OK,Thread Group - 1 1-5,text,true,,478,1634,6,6,http://host.docker.internal:30005/api/cas/iam/users/manage_policies/966/,68,0,0
1670263860281,280,Create Organizational User,200,OK,Thread Group - 1 1-5,text,true,,585,1860,6,6,http://host.docker.internal:30005/api/cas/iam/users/create_organizational_user/,280,0,0
1670263860562,88,User Policies,200,OK,Thread Group - 1 1-5,text,true,,478,1634,6,6,http://host.docker.internal:30005/api/cas/iam/users/manage_policies/967/,88,0,0
1670263860651,211,Create Organizational User,200,OK,Thread Group - 1 1-5,text,true,,580,1854,6,6,http://host.docker.internal:30005/api/cas/iam/users/create_organizational_user/,211,0,0
1670263860863,57,User Policies,200,OK,Thread Group - 1 1-5,text,true,,478,1634,6,6,http://host.docker.internal:30005/api/cas/iam/users/manage_policies/968/,57,0,0
1670263860921,289,Create Organizational User,200,OK,Thread Group - 1 1-5,text,true,,584,1858,6,6,http://host.docker.internal:30005/api/cas/iam/users/create_organizational_user/,289,0,0
1670263861211,73,User Policies,200,OK,Thread Group - 1 1-5,text,true,,478,1634,6,6,http://host.docker.internal:30005/api/cas/iam/users/manage_policies/969/,73,0,0
1670263861285,37,Sign Out - Admin,200,OK,Thread Group - 1 1-5,text,true,,680,1581,6,6,http://host.docker.internal:30005/api/cas/cas/basic_auth/signout/,37,0,0
1670263861324,2206,Sign Up - Admin,200,OK,Thread Group - 1 1-6,text,true,,585,412,5,5,http://host.docker.internal:30005/api/cas/public/cas/basic_auth_public/signup/,2206,0,6
1670263863531,0,Debug Sampler,200,OK,Thread Group - 1 1-6,text,true,,429,0,5,5,null,0,0,0
1670263863531,182,Sign In - Admin,200,OK,Thread Group - 1 1-6,text,true,,2014,318,5,5,http://host.docker.internal:30005/api/cas/public/cas/basic_auth_public/signin/,182,0,0
1670263863714,2199,Create Organizational User,200,OK,Thread Group - 1 1-6,text,true,,593,1870,5,5,http://host.docker.internal:30005/api/cas/iam/users/create_organizational_user/,2199,0,0
1670263865914,96,User Policies,200,OK,Thread Group - 1 1-6,text,true,,478,1634,5,5,http://host.docker.internal:30005/api/cas/iam/users/manage_policies/971/,96,0,0
1670263866011,209,Create Organizational User,200,OK,Thread Group - 1 1-6,text,true,,585,1860,5,5,http://host.docker.internal:30005/api/cas/iam/users/create_organizational_user/,209,0,0
1670263866221,42,User Policies,200,OK,Thread Group - 1 1-6,text,true,,478,1633,5,5,http://host.docker.internal:30005/api/cas/iam/users/manage_policies/972/,42,0,0
1670263866264,293,Create Organizational User,200,OK,Thread Group - 1 1-6,text,true,,581,1854,5,5,http://host.docker.internal:30005/api/cas/iam/users/create_organizational_user/,293,0,0
1670263866558,102,User Policies,200,OK,Thread Group - 1 1-6,text,true,,478,1634,5,5,http://host.docker.internal:30005/api/cas/iam/users/manage_policies/973/,102,0,0
1670263866661,226,Create Organizational User,200,OK,Thread Group - 1 1-6,text,true,,579,1852,5,5,http://host.docker.internal:30005/api/cas/iam/users/create_organizational_user/,226,0,0
1670263866889,50,User Policies,200,OK,Thread Group - 1 1-6,text,true,,478,1634,5,5,http://host.docker.internal:30005/api/cas/iam/users/manage_policies/974/,50,0,0
1670263866940,250,Create Organizational User,200,OK,Thread Group - 1 1-6,text,true,,588,1864,5,5,http://host.docker.internal:30005/api/cas/iam/users/create_organizational_user/,250,0,0
1670263867191,61,User Policies,200,OK,Thread Group - 1 1-6,text,true,,478,1634,5,5,http://host.docker.internal:30005/api/cas/iam/users/manage_policies/975/,61,0,0
1670263867253,44,Sign Out - Admin,200,OK,Thread Group - 1 1-6,text,true,,680,1581,5,5,http://host.docker.internal:30005/api/cas/cas/basic_auth/signout/,44,0,0
1670263867298,2203,Sign Up - Admin,200,OK,Thread Group - 1 1-7,text,true,,585,413,4,4,http://host.docker.internal:30005/api/cas/public/cas/basic_auth_public/signup/,2202,0,3
1670263869501,0,Debug Sampler,200,OK,Thread Group - 1 1-7,text,true,,429,0,4,4,null,0,0,0
1670263869502,207,Sign In - Admin,200,OK,Thread Group - 1 1-7,text,true,,2014,319,4,4,http://host.docker.internal:30005/api/cas/public/cas/basic_auth_public/signin/,207,0,0
1670263869710,2212,Create Organizational User,200,OK,Thread Group - 1 1-7,text,true,,587,1860,4,4,http://host.docker.internal:30005/api/cas/iam/users/create_organizational_user/,2212,0,0
1670263871924,45,User Policies,200,OK,Thread Group - 1 1-7,text,true,,478,1634,4,4,http://host.docker.internal:30005/api/cas/iam/users/manage_policies/977/,45,0,0
1670263871970,271,Create Organizational User,200,OK,Thread Group - 1 1-7,text,true,,585,1858,4,4,http://host.docker.internal:30005/api/cas/iam/users/create_organizational_user/,271,0,0
1670263872242,48,User Policies,200,OK,Thread Group - 1 1-7,text,true,,478,1634,4,4,http://host.docker.internal:30005/api/cas/iam/users/manage_policies/978/,48,0,0
1670263872295,246,Create Organizational User,200,OK,Thread Group - 1 1-7,text,true,,586,1862,4,4,http://host.docker.internal:30005/api/cas/iam/users/create_organizational_user/,246,0,0
1670263872543,108,User Policies,200,OK,Thread Group - 1 1-7,text,true,,478,1634,4,4,http://host.docker.internal:30005/api/cas/iam/users/manage_policies/979/,108,0,0
1670263872652,209,Create Organizational User,200,OK,Thread Group - 1 1-7,text,true,,585,1860,4,4,http://host.docker.internal:30005/api/cas/iam/users/create_organizational_user/,208,0,0
1670263872861,51,User Policies,200,OK,Thread Group - 1 1-7,text,true,,478,1634,4,4,http://host.docker.internal:30005/api/cas/iam/users/manage_policies/980/,51,0,0
1670263872913,258,Create Organizational User,200,OK,Thread Group - 1 1-7,text,true,,579,1854,4,4,http://host.docker.internal:30005/api/cas/iam/users/create_organizational_user/,258,0,0
1670263873172,69,User Policies,200,OK,Thread Group - 1 1-7,text,true,,478,1634,4,4,http://host.docker.internal:30005/api/cas/iam/users/manage_policies/981/,69,0,0
1670263873242,37,Sign Out - Admin,200,OK,Thread Group - 1 1-7,text,true,,680,1581,4,4,http://host.docker.internal:30005/api/cas/cas/basic_auth/signout/,37,0,0
1670263873281,2233,Sign Up - Admin,200,OK,Thread Group - 1 1-8,text,true,,583,411,3,3,http://host.docker.internal:30005/api/cas/public/cas/basic_auth_public/signup/,2233,0,2
1670263875515,0,Debug Sampler,200,OK,Thread Group - 1 1-8,text,true,,428,0,3,3,null,0,0,0
1670263875516,217,Sign In - Admin,200,OK,Thread Group - 1 1-8,text,true,,2010,318,3,3,http://host.docker.internal:30005/api/cas/public/cas/basic_auth_public/signin/,217,0,0
1670263875734,2217,Create Organizational User,200,OK,Thread Group - 1 1-8,text,true,,587,1856,3,3,http://host.docker.internal:30005/api/cas/iam/users/create_organizational_user/,2217,0,0
1670263877952,44,User Policies,200,OK,Thread Group - 1 1-8,text,true,,478,1630,3,3,http://host.docker.internal:30005/api/cas/iam/users/manage_policies/983/,44,0,0
1670263877996,243,Create Organizational User,200,OK,Thread Group - 1 1-8,text,true,,584,1856,3,3,http://host.docker.internal:30005/api/cas/iam/users/create_organizational_user/,243,0,0
1670263878240,50,User Policies,200,OK,Thread Group - 1 1-8,text,true,,478,1630,3,3,http://host.docker.internal:30005/api/cas/iam/users/manage_policies/984/,50,0,0
1670263878291,280,Create Organizational User,200,OK,Thread Group - 1 1-8,text,true,,586,1856,3,3,http://host.docker.internal:30005/api/cas/iam/users/create_organizational_user/,280,0,0
1670263878572,73,User Policies,200,OK,Thread Group - 1 1-8,text,true,,478,1629,3,3,http://host.docker.internal:30005/api/cas/iam/users/manage_policies/985/,73,0,0
1670263878646,216,Create Organizational User,200,OK,Thread Group - 1 1-8,text,true,,582,1852,3,3,http://host.docker.internal:30005/api/cas/iam/users/create_organizational_user/,216,0,0
1670263878863,46,User Policies,200,OK,Thread Group - 1 1-8,text,true,,478,1630,3,3,http://host.docker.internal:30005/api/cas/iam/users/manage_policies/986/,46,0,0
1670263878909,242,Create Organizational User,200,OK,Thread Group - 1 1-8,text,true,,584,1854,3,3,http://host.docker.internal:30005/api/cas/iam/users/create_organizational_user/,242,0,0
1670263879152,49,User Policies,200,OK,Thread Group - 1 1-8,text,true,,478,1630,3,3,http://host.docker.internal:30005/api/cas/iam/users/manage_policies/987/,49,0,0
1670263879201,32,Sign Out - Admin,200,OK,Thread Group - 1 1-8,text,true,,680,1577,3,3,http://host.docker.internal:30005/api/cas/cas/basic_auth/signout/,32,0,0
1670263879234,257,Sign Up - Admin,200,OK,Thread Group - 1 1-9,text,true,,580,410,2,2,http://host.docker.internal:30005/api/cas/public/cas/basic_auth_public/signup/,257,0,3
1670263879492,0,Debug Sampler,200,OK,Thread Group - 1 1-9,text,true,,427,0,2,2,null,0,0,0
1670263879492,206,Sign In - Admin,200,OK,Thread Group - 1 1-9,text,true,,2010,317,2,2,http://host.docker.internal:30005/api/cas/public/cas/basic_auth_public/signin/,206,0,0
1670263879699,225,Create Organizational User,200,OK,Thread Group - 1 1-9,text,true,,577,1846,2,2,http://host.docker.internal:30005/api/cas/iam/users/create_organizational_user/,225,0,0
1670263879925,96,User Policies,200,OK,Thread Group - 1 1-9,text,true,,478,1630,2,2,http://host.docker.internal:30005/api/cas/iam/users/manage_policies/989/,96,0,0
1670263880021,197,Create Organizational User,200,OK,Thread Group - 1 1-9,text,true,,579,1850,2,2,http://host.docker.internal:30005/api/cas/iam/users/create_organizational_user/,197,0,0
1670263880219,36,User Policies,200,OK,Thread Group - 1 1-9,text,true,,478,1629,2,2,http://host.docker.internal:30005/api/cas/iam/users/manage_policies/990/,36,0,0
1670263880256,285,Create Organizational User,200,OK,Thread Group - 1 1-9,text,true,,585,1854,2,2,http://host.docker.internal:30005/api/cas/iam/users/create_organizational_user/,285,0,0
1670263880543,157,User Policies,200,OK,Thread Group - 1 1-9,text,true,,479,1630,2,2,http://host.docker.internal:30005/api/cas/iam/users/manage_policies/991/,157,0,0
1670263880701,312,Create Organizational User,200,OK,Thread Group - 1 1-9,text,true,,584,1856,2,2,http://host.docker.internal:30005/api/cas/iam/users/create_organizational_user/,312,0,0
1670263881014,97,User Policies,200,OK,Thread Group - 1 1-9,text,true,,478,1629,2,2,http://host.docker.internal:30005/api/cas/iam/users/manage_policies/992/,97,0,0
1670263881112,228,Create Organizational User,200,OK,Thread Group - 1 1-9,text,true,,586,1854,2,2,http://host.docker.internal:30005/api/cas/iam/users/create_organizational_user/,228,0,0
1670263881341,53,User Policies,200,OK,Thread Group - 1 1-9,text,true,,478,1630,2,2,http://host.docker.internal:30005/api/cas/iam/users/manage_policies/993/,53,0,0
1670263881395,128,Sign Out - Admin,200,OK,Thread Group - 1 1-9,text,true,,680,1577,2,2,http://host.docker.internal:30005/api/cas/cas/basic_auth/signout/,127,0,0
1670263881524,2214,Sign Up - Admin,200,OK,Thread Group - 1 1-10,text,true,,581,408,1,1,http://host.docker.internal:30005/api/cas/public/cas/basic_auth_public/signup/,2214,0,6
1670263883738,1,Debug Sampler,200,OK,Thread Group - 1 1-10,text,true,,426,0,1,1,null,0,0,0
1670263883739,189,Sign In - Admin,200,OK,Thread Group - 1 1-10,text,true,,2010,316,1,1,http://host.docker.internal:30005/api/cas/public/cas/basic_auth_public/signin/,189,0,0
1670263883929,4226,Create Organizational User,200,OK,Thread Group - 1 1-10,text,true,,583,1850,1,1,http://host.docker.internal:30005/api/cas/iam/users/create_organizational_user/,4226,0,0
1670263888156,43,User Policies,200,OK,Thread Group - 1 1-10,text,true,,478,1630,1,1,http://host.docker.internal:30005/api/cas/iam/users/manage_policies/995/,43,0,0
1670263888200,272,Create Organizational User,200,OK,Thread Group - 1 1-10,text,true,,582,1852,1,1,http://host.docker.internal:30005/api/cas/iam/users/create_organizational_user/,272,0,0
1670263888473,81,User Policies,200,OK,Thread Group - 1 1-10,text,true,,478,1630,1,1,http://host.docker.internal:30005/api/cas/iam/users/manage_policies/996/,81,0,0
1670263888555,265,Create Organizational User,200,OK,Thread Group - 1 1-10,text,true,,585,1856,1,1,http://host.docker.internal:30005/api/cas/iam/users/create_organizational_user/,265,0,0
1670263888821,78,User Policies,200,OK,Thread Group - 1 1-10,text,true,,478,1629,1,1,http://host.docker.internal:30005/api/cas/iam/users/manage_policies/997/,78,0,0
1670263888899,282,Create Organizational User,200,OK,Thread Group - 1 1-10,text,true,,582,1852,1,1,http://host.docker.internal:30005/api/cas/iam/users/create_organizational_user/,282,0,0
1670263889182,45,User Policies,200,OK,Thread Group - 1 1-10,text,true,,478,1629,1,1,http://host.docker.internal:30005/api/cas/iam/users/manage_policies/998/,45,0,0
1670263889228,243,Create Organizational User,200,OK,Thread Group - 1 1-10,text,true,,587,1858,1,1,http://host.docker.internal:30005/api/cas/iam/users/create_organizational_user/,243,0,0
1670263889472,62,User Policies,200,OK,Thread Group - 1 1-10,text,true,,478,1629,1,1,http://host.docker.internal:30005/api/cas/iam/users/manage_policies/999/,62,0,0
1670263889535,96,Sign Out - Admin,200,OK,Thread Group - 1 1-10,text,true,,680,1577,1,1,http://host.docker.internal:30005/api/cas/cas/basic_auth/signout/,96,0,0
1670263889661,228,Sign In - Org User,200,OK,Thread Group - 2 2-1,text,true,,1994,300,3,3,http://host.docker.internal:30005/api/cas/public/cas/basic_auth_public/signin/,228,0,4
1670263889890,261,JSR223 Sampler,200,OK,Thread Group - 2 2-1,text,true,,0,0,6,6,null,0,0,0
1670263890152,26,JSR223 - Print,200,OK,Thread Group - 2 2-1,text,true,,0,0,6,6,null,0,0,0
1670263890205,27,List Users,403,Forbidden,Thread Group - 2 2-1,text,true,,284,1522,6,6,http://host.docker.internal:30005/api/cas/iam/users/users/,27,0,0
1670263891201,2051,List Policies,200,OK,Thread Group - 2 2-1,text,true,,845,1528,37,37,http://host.docker.internal:30005/api/cas/iam/policies/policies/,2051,0,0
1670263893256,94,Sign Out - Org User,200,OK,Thread Group - 2 2-1,text,true,,680,1561,38,38,http://host.docker.internal:30005/api/cas/cas/basic_auth/signout/,94,0,0
1670263893353,224,Sign In - Org User,200,OK,Thread Group - 2 2-2,text,true,,2002,303,39,39,http://host.docker.internal:30005/api/cas/public/cas/basic_auth_public/signin/,224,0,4
1670263893578,82,JSR223 Sampler,200,OK,Thread Group - 2 2-2,text,true,,0,0,40,40,null,0,0,0
1670263893661,17,JSR223 - Print,200,OK,Thread Group - 2 2-2,text,true,,0,0,40,40,null,0,0,0
1670263893685,39,List Users,200,OK,Thread Group - 2 2-2,text,true,,2165,1530,40,40,http://host.docker.internal:30005/api/cas/iam/users/users/,39,0,0
1670263893728,92,List Policies,200,OK,Thread Group - 2 2-2,text,true,,843,1536,41,41,http://host.docker.internal:30005/api/cas/iam/policies/policies/,92,0,0
1670263893837,38,Sign Out - Org User,200,OK,Thread Group - 2 2-2,text,true,,680,1569,42,42,http://host.docker.internal:30005/api/cas/cas/basic_auth/signout/,38,0,0
1670263893878,2159,Sign In - Org User,200,OK,Thread Group - 2 2-3,text,true,,2001,298,48,48,http://host.docker.internal:30005/api/cas/public/cas/basic_auth_public/signin/,2159,0,2
1670263896038,30,JSR223 Sampler,200,OK,Thread Group - 2 2-3,text,true,,0,0,48,48,null,0,0,0
1670263896068,13,JSR223 - Print,200,OK,Thread Group - 2 2-3,text,true,,0,0,48,48,null,0,0,0
1670263896088,54,List Users,200,OK,Thread Group - 2 2-3,text,true,,2165,1526,48,48,http://host.docker.internal:30005/api/cas/iam/users/users/,54,0,0
1670263896145,37,List Policies,200,OK,Thread Group - 2 2-3,text,true,,843,1532,48,48,http://host.docker.internal:30005/api/cas/iam/policies/policies/,37,0,0
1670263896205,55,Sign Out - Org User,200,OK,Thread Group - 2 2-3,text,true,,680,1565,48,48,http://host.docker.internal:30005/api/cas/cas/basic_auth/signout/,55,0,0
1670263896262,2187,Sign In - Org User,200,OK,Thread Group - 2 2-4,text,true,,2001,299,47,47,http://host.docker.internal:30005/api/cas/public/cas/basic_auth_public/signin/,2187,0,2
1670263898450,57,JSR223 Sampler,200,OK,Thread Group - 2 2-4,text,true,,0,0,47,47,null,0,0,0
1670263898508,14,JSR223 - Print,200,OK,Thread Group - 2 2-4,text,true,,0,0,47,47,null,0,0,0
1670263898555,2053,List Users,403,Forbidden,Thread Group - 2 2-4,text,true,,286,1526,47,47,http://host.docker.internal:30005/api/cas/iam/users/users/,2053,0,0
1670263900614,2040,List Policies,200,OK,Thread Group - 2 2-4,text,true,,845,1532,47,47,http://host.docker.internal:30005/api/cas/iam/policies/policies/,2040,0,0
1670263902657,95,Sign Out - Org User,200,OK,Thread Group - 2 2-4,text,true,,680,1565,47,47,http://host.docker.internal:30005/api/cas/cas/basic_auth/signout/,95,0,0
1670263902756,2256,Sign In - Org User,200,OK,Thread Group - 2 2-5,text,true,,2001,301,46,46,http://host.docker.internal:30005/api/cas/public/cas/basic_auth_public/signin/,2256,0,3
1670263905013,25,JSR223 Sampler,200,OK,Thread Group - 2 2-5,text,true,,0,0,46,46,null,0,0,0
1670263905038,16,JSR223 - Print,200,OK,Thread Group - 2 2-5,text,true,,0,0,46,46,null,0,0,0
1670263905068,2032,List Policies,403,Forbidden,Thread Group - 2 2-5,text,true,,286,1532,46,46,http://host.docker.internal:30005/api/cas/iam/policies/policies/,2032,0,0
1670263907105,17,List Users,403,Forbidden,Thread Group - 2 2-5,text,true,,284,1526,46,46,http://host.docker.internal:30005/api/cas/iam/users/users/,17,0,0
1670263907131,48,Sign Out - Org User,200,OK,Thread Group - 2 2-5,text,true,,680,1565,46,46,http://host.docker.internal:30005/api/cas/cas/basic_auth/signout/,48,0,0
1670263907181,179,Sign In - Org User,200,OK,Thread Group - 2 2-6,text,true,,1998,298,45,45,http://host.docker.internal:30005/api/cas/public/cas/basic_auth_public/signin/,179,0,1
1670263907361,32,JSR223 Sampler,200,OK,Thread Group - 2 2-6,text,true,,0,0,45,45,null,0,0,0
1670263907393,13,JSR223 - Print,200,OK,Thread Group - 2 2-6,text,true,,0,0,45,45,null,0,0,0
1670263907411,2057,List Users,200,OK,Thread Group - 2 2-6,text,true,,2172,1526,45,45,http://host.docker.internal:30005/api/cas/iam/users/users/,2057,0,0
1670263909471,32,List Policies,200,OK,Thread Group - 2 2-6,text,true,,843,1532,45,45,http://host.docker.internal:30005/api/cas/iam/policies/policies/,32,0,0
1670263909516,81,Sign Out - Org User,200,OK,Thread Group - 2 2-6,text,true,,680,1565,45,45,http://host.docker.internal:30005/api/cas/cas/basic_auth/signout/,81,0,0
1670263909599,189,Sign In - Org User,200,OK,Thread Group - 2 2-7,text,true,,1998,302,44,44,http://host.docker.internal:30005/api/cas/public/cas/basic_auth_public/signin/,189,0,3
1670263909789,25,JSR223 Sampler,200,OK,Thread Group - 2 2-7,text,true,,0,0,44,44,null,0,0,0
1670263909815,11,JSR223 - Print,200,OK,Thread Group - 2 2-7,text,true,,0,0,44,44,null,0,0,0
1670263909844,2031,List Users,403,Forbidden,Thread Group - 2 2-7,text,true,,286,1526,44,44,http://host.docker.internal:30005/api/cas/iam/users/users/,2031,0,0
1670263911880,40,List Policies,200,OK,Thread Group - 2 2-7,text,true,,843,1532,44,44,http://host.docker.internal:30005/api/cas/iam/policies/policies/,40,0,0
1670263911923,101,Sign Out - Org User,200,OK,Thread Group - 2 2-7,text,true,,680,1565,44,44,http://host.docker.internal:30005/api/cas/cas/basic_auth/signout/,101,0,0
1670263912026,2174,Sign In - Org User,200,OK,Thread Group - 2 2-8,text,true,,2001,302,43,43,http://host.docker.internal:30005/api/cas/public/cas/basic_auth_public/signin/,2174,0,3
1670263914201,17,JSR223 Sampler,200,OK,Thread Group - 2 2-8,text,true,,0,0,43,43,null,0,0,0
1670263914218,8,JSR223 - Print,200,OK,Thread Group - 2 2-8,text,true,,0,0,43,43,null,0,0,0
1670263914236,2037,List Policies,403,Forbidden,Thread Group - 2 2-8,text,true,,286,1532,43,43,http://host.docker.internal:30005/api/cas/iam/policies/policies/,2037,0,0
1670263916276,19,List Users,403,Forbidden,Thread Group - 2 2-8,text,true,,284,1526,43,43,http://host.docker.internal:30005/api/cas/iam/users/users/,18,0,0
1670263916304,2066,Sign Out - Org User,200,OK,Thread Group - 2 2-8,text,true,,682,1565,43,43,http://host.docker.internal:30005/api/cas/cas/basic_auth/signout/,2066,0,0
1670263918372,207,Sign In - Org User,200,OK,Thread Group - 2 2-9,text,true,,2002,301,42,42,http://host.docker.internal:30005/api/cas/public/cas/basic_auth_public/signin/,207,0,3
1670263918580,23,JSR223 Sampler,200,OK,Thread Group - 2 2-9,text,true,,0,0,42,42,null,0,0,0
1670263918603,8,JSR223 - Print,200,OK,Thread Group - 2 2-9,text,true,,0,0,42,42,null,0,0,0
1670263918622,41,List Users,200,OK,Thread Group - 2 2-9,text,true,,2170,1530,42,42,http://host.docker.internal:30005/api/cas/iam/users/users/,41,0,0
1670263918665,21,List Policies,403,Forbidden,Thread Group - 2 2-9,text,true,,284,1536,42,42,http://host.docker.internal:30005/api/cas/iam/policies/policies/,21,0,0
1670263918695,45,Sign Out - Org User,200,OK,Thread Group - 2 2-9,text,true,,680,1569,42,42,http://host.docker.internal:30005/api/cas/cas/basic_auth/signout/,45,0,0
1670263918743,2171,Sign In - Org User,200,OK,Thread Group - 2 2-10,text,true,,2001,300,41,41,http://host.docker.internal:30005/api/cas/public/cas/basic_auth_public/signin/,2171,0,2
1670263920915,19,JSR223 Sampler,200,OK,Thread Group - 2 2-10,text,true,,0,0,41,41,null,0,0,0
1670263920935,8,JSR223 - Print,200,OK,Thread Group - 2 2-10,text,true,,0,0,41,41,null,0,0,0
1670263920958,2060,List Users,200,OK,Thread Group - 2 2-10,text,true,,2172,1526,41,41,http://host.docker.internal:30005/api/cas/iam/users/users/,2059,0,0
1670263923020,32,List Policies,403,Forbidden,Thread Group - 2 2-10,text,true,,284,1532,41,41,http://host.docker.internal:30005/api/cas/iam/policies/policies/,32,0,0
1670263923060,40,Sign Out - Org User,200,OK,Thread Group - 2 2-10,text,true,,680,1565,41,41,http://host.docker.internal:30005/api/cas/cas/basic_auth/signout/,40,0,0
1670263923102,212,Sign In - Org User,200,OK,Thread Group - 2 2-11,text,true,,1998,301,40,40,http://host.docker.internal:30005/api/cas/public/cas/basic_auth_public/signin/,212,0,4
1670263923315,28,JSR223 Sampler,200,OK,Thread Group - 2 2-11,text,true,,0,0,40,40,null,0,0,0
1670263923344,12,JSR223 - Print,200,OK,Thread Group - 2 2-11,text,true,,0,0,40,40,null,0,0,0
1670263923369,53,List Users,200,OK,Thread Group - 2 2-11,text,true,,2170,1526,40,40,http://host.docker.internal:30005/api/cas/iam/users/users/,53,0,0
1670263923425,27,List Policies,403,Forbidden,Thread Group - 2 2-11,text,true,,284,1532,40,40,http://host.docker.internal:30005/api/cas/iam/policies/policies/,27,0,0
1670263923461,112,Sign Out - Org User,200,OK,Thread Group - 2 2-11,text,true,,680,1565,40,40,http://host.docker.internal:30005/api/cas/cas/basic_auth/signout/,112,0,0
1670263923575,2205,Sign In - Org User,200,OK,Thread Group - 2 2-12,text,true,,2001,302,39,39,http://host.docker.internal:30005/api/cas/public/cas/basic_auth_public/signin/,2204,0,5
1670263925780,22,JSR223 Sampler,200,OK,Thread Group - 2 2-12,text,true,,0,0,39,39,null,0,0,0
1670263925802,9,JSR223 - Print,200,OK,Thread Group - 2 2-12,text,true,,0,0,39,39,null,0,0,0
1670263925831,16,List Users,403,Forbidden,Thread Group - 2 2-12,text,true,,284,1526,39,39,http://host.docker.internal:30005/api/cas/iam/users/users/,16,0,0
1670263925850,35,List Policies,200,OK,Thread Group - 2 2-12,text,true,,843,1532,39,39,http://host.docker.internal:30005/api/cas/iam/policies/policies/,34,0,0
1670263925887,45,Sign Out - Org User,200,OK,Thread Group - 2 2-12,text,true,,680,1565,39,39,http://host.docker.internal:30005/api/cas/cas/basic_auth/signout/,45,0,0
1670263925934,2176,Sign In - Org User,200,OK,Thread Group - 2 2-13,text,true,,2001,300,38,38,http://host.docker.internal:30005/api/cas/public/cas/basic_auth_public/signin/,2176,0,2
1670263928110,18,JSR223 Sampler,200,OK,Thread Group - 2 2-13,text,true,,0,0,38,38,null,0,0,0
1670263928128,7,JSR223 - Print,200,OK,Thread Group - 2 2-13,text,true,,0,0,38,38,null,0,0,0
1670263928140,4042,List Users,200,OK,Thread Group - 2 2-13,text,true,,2172,1526,38,38,http://host.docker.internal:30005/api/cas/iam/users/users/,4042,0,0
1670263932183,28,List Policies,200,OK,Thread Group - 2 2-13,text,true,,843,1532,38,38,http://host.docker.internal:30005/api/cas/iam/policies/policies/,28,0,0
1670263932219,32,Sign Out - Org User,200,OK,Thread Group - 2 2-13,text,true,,680,1565,38,38,http://host.docker.internal:30005/api/cas/cas/basic_auth/signout/,32,0,0
1670263932252,2200,Sign In - Org User,200,OK,Thread Group - 2 2-14,text,true,,2001,300,37,37,http://host.docker.internal:30005/api/cas/public/cas/basic_auth_public/signin/,2200,0,2
1670263934453,27,JSR223 Sampler,200,OK,Thread Group - 2 2-14,text,true,,0,0,37,37,null,0,0,0
1670263934480,10,JSR223 - Print,200,OK,Thread Group - 2 2-14,text,true,,0,0,37,37,null,0,0,0
1670263934513,2033,List Users,403,Forbidden,Thread Group - 2 2-14,text,true,,286,1526,37,37,http://host.docker.internal:30005/api/cas/iam/users/users/,2033,0,0
1670263936549,31,List Policies,200,OK,Thread Group - 2 2-14,text,true,,843,1532,37,37,http://host.docker.internal:30005/api/cas/iam/policies/policies/,31,0,0
1670263936583,102,Sign Out - Org User,200,OK,Thread Group - 2 2-14,text,true,,680,1565,37,37,http://host.docker.internal:30005/api/cas/cas/basic_auth/signout/,101,0,0
1670263936687,2180,Sign In - Org User,200,OK,Thread Group - 2 2-15,text,true,,2001,301,36,36,http://host.docker.internal:30005/api/cas/public/cas/basic_auth_public/signin/,2180,0,3
1670263938868,16,JSR223 Sampler,200,OK,Thread Group - 2 2-15,text,true,,0,0,36,36,null,0,0,0
1670263938885,7,JSR223 - Print,200,OK,Thread Group - 2 2-15,text,true,,0,0,36,36,null,0,0,0
1670263938897,2062,List Users,200,OK,Thread Group - 2 2-15,text,true,,2172,1526,36,36,http://host.docker.internal:30005/api/cas/iam/users/users/,2061,0,0
1670263940962,50,List Policies,200,OK,Thread Group - 2 2-15,text,true,,843,1532,36,36,http://host.docker.internal:30005/api/cas/iam/policies/policies/,50,0,0
1670263941031,54,Sign Out - Org User,200,OK,Thread Group - 2 2-15,text,true,,680,1565,36,36,http://host.docker.internal:30005/api/cas/cas/basic_auth/signout/,54,0,0
1670263941087,2187,Sign In - Org User,200,OK,Thread Group - 2 2-16,text,true,,2001,303,35,35,http://host.docker.internal:30005/api/cas/public/cas/basic_auth_public/signin/,2187,0,3
1670263943275,16,JSR223 Sampler,200,OK,Thread Group - 2 2-16,text,true,,0,0,35,35,null,0,0,0
1670263943291,10,JSR223 - Print,200,OK,Thread Group - 2 2-16,text,true,,0,0,35,35,null,0,0,0
1670263943312,24,List Users,403,Forbidden,Thread Group - 2 2-16,text,true,,284,1526,35,35,http://host.docker.internal:30005/api/cas/iam/users/users/,24,0,0
1670263943339,38,List Policies,200,OK,Thread Group - 2 2-16,text,true,,843,1532,35,35,http://host.docker.internal:30005/api/cas/iam/policies/policies/,38,0,0
1670263943380,100,Sign Out - Org User,200,OK,Thread Group - 2 2-16,text,true,,680,1565,35,35,http://host.docker.internal:30005/api/cas/cas/basic_auth/signout/,100,0,0
1670263943482,221,Sign In - Org User,200,OK,Thread Group - 2 2-17,text,true,,1998,300,34,34,http://host.docker.internal:30005/api/cas/public/cas/basic_auth_public/signin/,221,0,2
1670263943704,20,JSR223 Sampler,200,OK,Thread Group - 2 2-17,text,true,,0,0,34,34,null,0,0,0
1670263943724,10,JSR223 - Print,200,OK,Thread Group - 2 2-17,text,true,,0,0,34,34,null,0,0,0
1670263943744,24,List Policies,403,Forbidden,Thread Group - 2 2-17,text,true,,284,1532,34,34,http://host.docker.internal:30005/api/cas/iam/policies/policies/,24,0,0
1670263943771,71,List Users,403,Forbidden,Thread Group - 2 2-17,text,true,,284,1526,34,34,http://host.docker.internal:30005/api/cas/iam/users/users/,70,0,0
1670263943849,42,Sign Out - Org User,200,OK,Thread Group - 2 2-17,text,true,,680,1565,34,34,http://host.docker.internal:30005/api/cas/cas/basic_auth/signout/,42,0,0
1670263943893,197,Sign In - Org User,200,OK,Thread Group - 2 2-18,text,true,,1998,297,33,33,http://host.docker.internal:30005/api/cas/public/cas/basic_auth_public/signin/,197,0,1
1670263944090,27,JSR223 Sampler,200,OK,Thread Group - 2 2-18,text,true,,0,0,33,33,null,0,0,0
1670263944118,13,JSR223 - Print,200,OK,Thread Group - 2 2-18,text,true,,0,0,33,33,null,0,0,0
1670263944147,24,List Users,403,Forbidden,Thread Group - 2 2-18,text,true,,284,1526,33,33,http://host.docker.internal:30005/api/cas/iam/users/users/,24,0,0
1670263944175,36,List Policies,200,OK,Thread Group - 2 2-18,text,true,,843,1532,33,33,http://host.docker.internal:30005/api/cas/iam/policies/policies/,36,0,0
1670263944214,85,Sign Out - Org User,200,OK,Thread Group - 2 2-18,text,true,,680,1565,33,33,http://host.docker.internal:30005/api/cas/cas/basic_auth/signout/,85,0,0
1670263944301,2197,Sign In - Org User,200,OK,Thread Group - 2 2-19,text,true,,2001,299,32,32,http://host.docker.internal:30005/api/cas/public/cas/basic_auth_public/signin/,2197,0,3
1670263946500,434,JSR223 Sampler,200,OK,Thread Group - 2 2-19,text,true,,0,0,32,32,null,0,0,0
1670263946935,32,JSR223 - Print,200,OK,Thread Group - 2 2-19,text,true,,0,0,32,32,null,0,0,0
1670263946977,2153,List Users,200,OK,Thread Group - 2 2-19,text,true,,2160,1526,32,32,http://host.docker.internal:30005/api/cas/iam/users/users/,2153,0,0
1670263949132,52,List Policies,200,OK,Thread Group - 2 2-19,text,true,,843,1532,32,32,http://host.docker.internal:30005/api/cas/iam/policies/policies/,52,0,0
1670263949193,48,Sign Out - Org User,200,OK,Thread Group - 2 2-19,text,true,,680,1565,32,32,http://host.docker.internal:30005/api/cas/cas/basic_auth/signout/,48,0,0
1670263949244,2175,Sign In - Org User,200,OK,Thread Group - 2 2-20,text,true,,2001,301,31,31,http://host.docker.internal:30005/api/cas/public/cas/basic_auth_public/signin/,2175,0,2
1670263951420,28,JSR223 Sampler,200,OK,Thread Group - 2 2-20,text,true,,0,0,31,31,null,0,0,0
1670263951448,10,JSR223 - Print,200,OK,Thread Group - 2 2-20,text,true,,0,0,31,31,null,0,0,0
1670263951477,2045,List Users,403,Forbidden,Thread Group - 2 2-20,text,true,,286,1526,31,31,http://host.docker.internal:30005/api/cas/iam/users/users/,2044,0,0
1670263953524,2047,List Policies,200,OK,Thread Group - 2 2-20,text,true,,845,1532,31,31,http://host.docker.internal:30005/api/cas/iam/policies/policies/,2047,0,0
1670263955573,45,Sign Out - Org User,200,OK,Thread Group - 2 2-20,text,true,,680,1565,31,31,http://host.docker.internal:30005/api/cas/cas/basic_auth/signout/,45,0,0
1670263955620,2198,Sign In - Org User,200,OK,Thread Group - 2 2-21,text,true,,2001,297,30,30,http://host.docker.internal:30005/api/cas/public/cas/basic_auth_public/signin/,2198,0,4
1670263957818,15,JSR223 Sampler,200,OK,Thread Group - 2 2-21,text,true,,0,0,30,30,null,0,0,0
1670263957834,8,JSR223 - Print,200,OK,Thread Group - 2 2-21,text,true,,0,0,30,30,null,0,0,0
1670263957853,2024,List Users,403,Forbidden,Thread Group - 2 2-21,text,true,,286,1526,30,30,http://host.docker.internal:30005/api/cas/iam/users/users/,2024,0,0
1670263959879,32,List Policies,200,OK,Thread Group - 2 2-21,text,true,,843,1532,30,30,http://host.docker.internal:30005/api/cas/iam/policies/policies/,32,0,0
1670263959913,108,Sign Out - Org User,200,OK,Thread Group - 2 2-21,text,true,,680,1565,30,30,http://host.docker.internal:30005/api/cas/cas/basic_auth/signout/,108,0,0
1670263960022,2188,Sign In - Org User,200,OK,Thread Group - 2 2-22,text,true,,2005,301,29,29,http://host.docker.internal:30005/api/cas/public/cas/basic_auth_public/signin/,2188,0,3
1670263962211,12,JSR223 Sampler,200,OK,Thread Group - 2 2-22,text,true,,0,0,29,29,null,0,0,0
1670263962223,6,JSR223 - Print,200,OK,Thread Group - 2 2-22,text,true,,0,0,29,29,null,0,0,0
1670263962236,2054,List Users,200,OK,Thread Group - 2 2-22,text,true,,2163,1530,29,29,http://host.docker.internal:30005/api/cas/iam/users/users/,2054,0,0
1670263964292,25,List Policies,403,Forbidden,Thread Group - 2 2-22,text,true,,284,1536,29,29,http://host.docker.internal:30005/api/cas/iam/policies/policies/,25,0,0
1670263964323,58,Sign Out - Org User,200,OK,Thread Group - 2 2-22,text,true,,680,1569,29,29,http://host.docker.internal:30005/api/cas/cas/basic_auth/signout/,58,0,0
1670263964383,235,Sign In - Org User,200,OK,Thread Group - 2 2-23,text,true,,1998,300,28,28,http://host.docker.internal:30005/api/cas/public/cas/basic_auth_public/signin/,235,0,3
1670263964619,41,JSR223 Sampler,200,OK,Thread Group - 2 2-23,text,true,,0,0,28,28,null,0,0,0
1670263964660,18,JSR223 - Print,200,OK,Thread Group - 2 2-23,text,true,,0,0,28,28,null,0,0,0
1670263964702,2079,List Users,200,OK,Thread Group - 2 2-23,text,true,,2163,1526,28,28,http://host.docker.internal:30005/api/cas/iam/users/users/,2079,0,0
1670263966782,15,List Policies,403,Forbidden,Thread Group - 2 2-23,text,true,,284,1532,28,28,http://host.docker.internal:30005/api/cas/iam/policies/policies/,15,0,0
1670263966801,40,Sign Out - Org User,200,OK,Thread Group - 2 2-23,text,true,,680,1565,28,28,http://host.docker.internal:30005/api/cas/cas/basic_auth/signout/,39,0,0
1670263966842,170,Sign In - Org User,200,OK,Thread Group - 2 2-24,text,true,,1994,297,27,27,http://host.docker.internal:30005/api/cas/public/cas/basic_auth_public/signin/,169,0,2
1670263967012,14,JSR223 Sampler,200,OK,Thread Group - 2 2-24,text,true,,0,0,27,27,null,0,0,0
1670263967026,6,JSR223 - Print,200,OK,Thread Group - 2 2-24,text,true,,0,0,27,27,null,0,0,0
1670263967039,38,List Users,200,OK,Thread Group - 2 2-24,text,true,,2161,1522,27,27,http://host.docker.internal:30005/api/cas/iam/users/users/,38,0,0
1670263967079,64,List Policies,403,Forbidden,Thread Group - 2 2-24,text,true,,284,1528,27,27,http://host.docker.internal:30005/api/cas/iam/policies/policies/,64,0,0
1670263967151,37,Sign Out - Org User,200,OK,Thread Group - 2 2-24,text,true,,680,1561,27,27,http://host.docker.internal:30005/api/cas/cas/basic_auth/signout/,37,0,0
1670263967189,210,Sign In - Org User,200,OK,Thread Group - 2 2-25,text,true,,1998,299,26,26,http://host.docker.internal:30005/api/cas/public/cas/basic_auth_public/signin/,210,0,3
1670263967399,20,JSR223 Sampler,200,OK,Thread Group - 2 2-25,text,true,,0,0,26,26,null,0,0,0
1670263967419,9,JSR223 - Print,200,OK,Thread Group - 2 2-25,text,true,,0,0,26,26,null,0,0,0
1670263967448,68,List Users,403,Forbidden,Thread Group - 2 2-25,text,true,,284,1526,26,26,http://host.docker.internal:30005/api/cas/iam/users/users/,68,0,0
1670263967523,44,List Policies,200,OK,Thread Group - 2 2-25,text,true,,843,1532,26,26,http://host.docker.internal:30005/api/cas/iam/policies/policies/,44,0,0
1670263967569,104,Sign Out - Org User,200,OK,Thread Group - 2 2-25,text,true,,680,1565,26,26,http://host.docker.internal:30005/api/cas/cas/basic_auth/signout/,104,0,0
1670263967675,2188,Sign In - Org User,200,OK,Thread Group - 2 2-26,text,true,,2001,305,25,25,http://host.docker.internal:30005/api/cas/public/cas/basic_auth_public/signin/,2188,0,2
1670263969863,12,JSR223 Sampler,200,OK,Thread Group - 2 2-26,text,true,,0,0,25,25,null,0,0,0
1670263969875,5,JSR223 - Print,200,OK,Thread Group - 2 2-26,text,true,,0,0,25,25,null,0,0,0
1670263969888,2058,List Users,200,OK,Thread Group - 2 2-26,text,true,,2165,1526,25,25,http://host.docker.internal:30005/api/cas/iam/users/users/,2058,0,0
1670263971947,27,List Policies,403,Forbidden,Thread Group - 2 2-26,text,true,,284,1532,25,25,http://host.docker.internal:30005/api/cas/iam/policies/policies/,27,0,0
1670263971980,51,Sign Out - Org User,200,OK,Thread Group - 2 2-26,text,true,,680,1565,25,25,http://host.docker.internal:30005/api/cas/cas/basic_auth/signout/,51,0,0
1670263972032,2152,Sign In - Org User,200,OK,Thread Group - 2 2-27,text,true,,2001,300,24,24,http://host.docker.internal:30005/api/cas/public/cas/basic_auth_public/signin/,2152,0,2
1670263974185,10,JSR223 Sampler,200,OK,Thread Group - 2 2-27,text,true,,0,0,24,24,null,0,0,0
1670263974195,4,JSR223 - Print,200,OK,Thread Group - 2 2-27,text,true,,0,0,24,24,null,0,0,0
1670263974204,18,List Policies,403,Forbidden,Thread Group - 2 2-27,text,true,,284,1532,24,24,http://host.docker.internal:30005/api/cas/iam/policies/policies/,18,0,0
1670263974224,17,List Users,403,Forbidden,Thread Group - 2 2-27,text,true,,284,1526,24,24,http://host.docker.internal:30005/api/cas/iam/users/users/,17,0,0
1670263974248,110,Sign Out - Org User,200,OK,Thread Group - 2 2-27,text,true,,680,1565,24,24,http://host.docker.internal:30005/api/cas/cas/basic_auth/signout/,110,0,0
1670263974360,207,Sign In - Org User,200,OK,Thread Group - 2 2-28,text,true,,1998,297,23,23,http://host.docker.internal:30005/api/cas/public/cas/basic_auth_public/signin/,207,0,2
1670263974568,18,JSR223 Sampler,200,OK,Thread Group - 2 2-28,text,true,,0,0,23,23,null,0,0,0
1670263974586,11,JSR223 - Print,200,OK,Thread Group - 2 2-28,text,true,,0,0,23,23,null,0,0,0
1670263974608,46,List Users,200,OK,Thread Group - 2 2-28,text,true,,2163,1526,23,23,http://host.docker.internal:30005/api/cas/iam/users/users/,45,0,0
1670263974656,26,List Policies,403,Forbidden,Thread Group - 2 2-28,text,true,,284,1532,23,23,http://host.docker.internal:30005/api/cas/iam/policies/policies/,26,0,0
1670263974687,107,Sign Out - Org User,200,OK,Thread Group - 2 2-28,text,true,,680,1565,23,23,http://host.docker.internal:30005/api/cas/cas/basic_auth/signout/,107,0,0
1670263974795,2182,Sign In - Org User,200,OK,Thread Group - 2 2-29,text,true,,1997,296,22,22,http://host.docker.internal:30005/api/cas/public/cas/basic_auth_public/signin/,2182,0,2
1670263976977,10,JSR223 Sampler,200,OK,Thread Group - 2 2-29,text,true,,0,0,22,22,null,0,0,0
1670263976987,6,JSR223 - Print,200,OK,Thread Group - 2 2-29,text,true,,0,0,22,22,null,0,0,0
1670263977002,17,List Users,403,Forbidden,Thread Group - 2 2-29,text,true,,284,1522,22,22,http://host.docker.internal:30005/api/cas/iam/users/users/,17,0,0
1670263977021,29,List Policies,200,OK,Thread Group - 2 2-29,text,true,,843,1528,22,22,http://host.docker.internal:30005/api/cas/iam/policies/policies/,29,0,0
1670263977051,95,Sign Out - Org User,200,OK,Thread Group - 2 2-29,text,true,,680,1561,22,22,http://host.docker.internal:30005/api/cas/cas/basic_auth/signout/,95,0,0
1670263977148,173,Sign In - Org User,200,OK,Thread Group - 2 2-30,text,true,,1998,302,21,21,http://host.docker.internal:30005/api/cas/public/cas/basic_auth_public/signin/,172,0,1
1670263977321,27,JSR223 Sampler,200,OK,Thread Group - 2 2-30,text,true,,0,0,21,21,null,0,0,0
1670263977348,23,JSR223 - Print,200,OK,Thread Group - 2 2-30,text,true,,0,0,21,21,null,0,0,0
1670263977381,228,List Users,200,OK,Thread Group - 2 2-30,text,true,,2164,1526,21,21,http://host.docker.internal:30005/api/cas/iam/users/users/,228,0,0
1670263977611,140,List Policies,200,OK,Thread Group - 2 2-30,text,true,,843,1532,21,21,http://host.docker.internal:30005/api/cas/iam/policies/policies/,140,0,0
1670263977765,147,Sign Out - Org User,200,OK,Thread Group - 2 2-30,text,true,,680,1565,21,21,http://host.docker.internal:30005/api/cas/cas/basic_auth/signout/,147,0,0
1670263977914,225,Sign In - Org User,200,OK,Thread Group - 2 2-31,text,true,,1998,300,20,20,http://host.docker.internal:30005/api/cas/public/cas/basic_auth_public/signin/,225,0,4
1670263978140,14,JSR223 Sampler,200,OK,Thread Group - 2 2-31,text,true,,0,0,20,20,null,0,0,0
1670263978154,6,JSR223 - Print,200,OK,Thread Group - 2 2-31,text,true,,0,0,20,20,null,0,0,0
1670263978164,2042,List Users,200,OK,Thread Group - 2 2-31,text,true,,2162,1526,20,20,http://host.docker.internal:30005/api/cas/iam/users/users/,2042,0,0
1670263980208,34,List Policies,200,OK,Thread Group - 2 2-31,text,true,,843,1532,20,20,http://host.docker.internal:30005/api/cas/iam/policies/policies/,34,0,0
1670263980253,55,Sign Out - Org User,200,OK,Thread Group - 2 2-31,text,true,,680,1565,20,20,http://host.docker.internal:30005/api/cas/cas/basic_auth/signout/,55,0,0
1670263980310,230,Sign In - Org User,200,OK,Thread Group - 2 2-32,text,true,,1998,299,19,19,http://host.docker.internal:30005/api/cas/public/cas/basic_auth_public/signin/,230,0,2
1670263980541,30,JSR223 Sampler,200,OK,Thread Group - 2 2-32,text,true,,0,0,19,19,null,0,0,0
1670263980572,11,JSR223 - Print,200,OK,Thread Group - 2 2-32,text,true,,0,0,19,19,null,0,0,0
1670263980601,48,List Users,200,OK,Thread Group - 2 2-32,text,true,,2160,1526,19,19,http://host.docker.internal:30005/api/cas/iam/users/users/,48,0,0
1670263980651,21,List Policies,403,Forbidden,Thread Group - 2 2-32,text,true,,284,1532,19,19,http://host.docker.internal:30005/api/cas/iam/policies/policies/,21,0,0
1670263980678,103,Sign Out - Org User,200,OK,Thread Group - 2 2-32,text,true,,680,1565,19,19,http://host.docker.internal:30005/api/cas/cas/basic_auth/signout/,103,0,0
1670263980783,2206,Sign In - Org User,200,OK,Thread Group - 2 2-33,text,true,,2001,301,18,18,http://host.docker.internal:30005/api/cas/public/cas/basic_auth_public/signin/,2206,0,3
1670263982990,14,JSR223 Sampler,200,OK,Thread Group - 2 2-33,text,true,,0,0,18,18,null,0,0,0
1670263983005,5,JSR223 - Print,200,OK,Thread Group - 2 2-33,text,true,,0,0,18,18,null,0,0,0
1670263983013,2060,List Users,200,OK,Thread Group - 2 2-33,text,true,,2162,1526,18,18,http://host.docker.internal:30005/api/cas/iam/users/users/,2060,0,0
1670263985075,85,List Policies,200,OK,Thread Group - 2 2-33,text,true,,843,1532,18,18,http://host.docker.internal:30005/api/cas/iam/policies/policies/,85,0,0
1670263985167,44,Sign Out - Org User,200,OK,Thread Group - 2 2-33,text,true,,680,1565,18,18,http://host.docker.internal:30005/api/cas/cas/basic_auth/signout/,44,0,0
1670263985212,2178,Sign In - Org User,200,OK,Thread Group - 2 2-34,text,true,,2001,300,17,17,http://host.docker.internal:30005/api/cas/public/cas/basic_auth_public/signin/,2178,0,2
1670263987391,14,JSR223 Sampler,200,OK,Thread Group - 2 2-34,text,true,,0,0,17,17,null,0,0,0
1670263987405,6,JSR223 - Print,200,OK,Thread Group - 2 2-34,text,true,,0,0,17,17,null,0,0,0
1670263987425,2031,List Users,403,Forbidden,Thread Group - 2 2-34,text,true,,286,1526,17,17,http://host.docker.internal:30005/api/cas/iam/users/users/,2031,0,0
1670263989458,2041,List Policies,200,OK,Thread Group - 2 2-34,text,true,,845,1532,17,17,http://host.docker.internal:30005/api/cas/iam/policies/policies/,2041,0,0
1670263991500,103,Sign Out - Org User,200,OK,Thread Group - 2 2-34,text,true,,680,1565,17,17,http://host.docker.internal:30005/api/cas/cas/basic_auth/signout/,103,0,0
1670263991606,2183,Sign In - Org User,200,OK,Thread Group - 2 2-35,text,true,,1997,297,16,16,http://host.docker.internal:30005/api/cas/public/cas/basic_auth_public/signin/,2183,0,9
1670263993790,13,JSR223 Sampler,200,OK,Thread Group - 2 2-35,text,true,,0,0,16,16,null,0,0,0
1670263993803,4,JSR223 - Print,200,OK,Thread Group - 2 2-35,text,true,,0,0,16,16,null,0,0,0
1670263993820,2043,List Users,403,Forbidden,Thread Group - 2 2-35,text,true,,286,1522,16,16,http://host.docker.internal:30005/api/cas/iam/users/users/,2043,0,0
1670263995866,80,List Policies,200,OK,Thread Group - 2 2-35,text,true,,843,1528,16,16,http://host.docker.internal:30005/api/cas/iam/policies/policies/,80,0,0
1670263995949,68,Sign Out - Org User,200,OK,Thread Group - 2 2-35,text,true,,680,1561,16,16,http://host.docker.internal:30005/api/cas/cas/basic_auth/signout/,67,0,0
1670263996018,247,Sign In - Org User,200,OK,Thread Group - 2 2-36,text,true,,1998,300,15,15,http://host.docker.internal:30005/api/cas/public/cas/basic_auth_public/signin/,247,0,3
1670263996266,17,JSR223 Sampler,200,OK,Thread Group - 2 2-36,text,true,,0,0,15,15,null,0,0,0
1670263996284,5,JSR223 - Print,200,OK,Thread Group - 2 2-36,text,true,,0,0,15,15,null,0,0,0
1670263996306,2060,List Users,403,Forbidden,Thread Group - 2 2-36,text,true,,286,1526,15,15,http://host.docker.internal:30005/api/cas/iam/users/users/,2060,0,0
1670263998368,38,List Policies,200,OK,Thread Group - 2 2-36,text,true,,843,1532,15,15,http://host.docker.internal:30005/api/cas/iam/policies/policies/,38,0,0
1670263998408,93,Sign Out - Org User,200,OK,Thread Group - 2 2-36,text,true,,680,1565,15,15,http://host.docker.internal:30005/api/cas/cas/basic_auth/signout/,93,0,0
1670263998503,2205,Sign In - Org User,200,OK,Thread Group - 2 2-37,text,true,,2001,300,14,14,http://host.docker.internal:30005/api/cas/public/cas/basic_auth_public/signin/,2205,0,2
1670264000709,13,JSR223 Sampler,200,OK,Thread Group - 2 2-37,text,true,,0,0,14,14,null,0,0,0
1670264000722,5,JSR223 - Print,200,OK,Thread Group - 2 2-37,text,true,,0,0,14,14,null,0,0,0
1670264000731,2045,List Users,200,OK,Thread Group - 2 2-37,text,true,,2160,1526,14,14,http://host.docker.internal:30005/api/cas/iam/users/users/,2045,0,0
1670264002778,30,List Policies,200,OK,Thread Group - 2 2-37,text,true,,843,1532,14,14,http://host.docker.internal:30005/api/cas/iam/policies/policies/,30,0,0
1670264002815,44,Sign Out - Org User,200,OK,Thread Group - 2 2-37,text,true,,680,1565,14,14,http://host.docker.internal:30005/api/cas/cas/basic_auth/signout/,44,0,0
1670264002861,2172,Sign In - Org User,200,OK,Thread Group - 2 2-38,text,true,,2001,300,13,13,http://host.docker.internal:30005/api/cas/public/cas/basic_auth_public/signin/,2172,0,1
1670264005034,9,JSR223 Sampler,200,OK,Thread Group - 2 2-38,text,true,,0,0,13,13,null,0,0,0
1670264005043,4,JSR223 - Print,200,OK,Thread Group - 2 2-38,text,true,,0,0,13,13,null,0,0,0
1670264005051,2079,List Policies,403,Forbidden,Thread Group - 2 2-38,text,true,,286,1532,13,13,http://host.docker.internal:30005/api/cas/iam/policies/policies/,2078,0,0
1670264007132,41,List Users,403,Forbidden,Thread Group - 2 2-38,text,true,,284,1526,13,13,http://host.docker.internal:30005/api/cas/iam/users/users/,41,0,0
1670264007187,60,Sign Out - Org User,200,OK,Thread Group - 2 2-38,text,true,,680,1565,13,13,http://host.docker.internal:30005/api/cas/cas/basic_auth/signout/,60,0,0
1670264007249,2170,Sign In - Org User,200,OK,Thread Group - 2 2-39,text,true,,2001,298,12,12,http://host.docker.internal:30005/api/cas/public/cas/basic_auth_public/signin/,2170,0,3
1670264009420,13,JSR223 Sampler,200,OK,Thread Group - 2 2-39,text,true,,0,0,12,12,null,0,0,0
1670264009433,6,JSR223 - Print,200,OK,Thread Group - 2 2-39,text,true,,0,0,12,12,null,0,0,0
1670264009454,2023,List Users,403,Forbidden,Thread Group - 2 2-39,text,true,,286,1526,12,12,http://host.docker.internal:30005/api/cas/iam/users/users/,2023,0,0
1670264011481,41,List Policies,200,OK,Thread Group - 2 2-39,text,true,,843,1532,12,12,http://host.docker.internal:30005/api/cas/iam/policies/policies/,41,0,0
1670264011524,58,Sign Out - Org User,200,OK,Thread Group - 2 2-39,text,true,,680,1565,12,12,http://host.docker.internal:30005/api/cas/cas/basic_auth/signout/,58,0,0
1670264011584,2191,Sign In - Org User,200,OK,Thread Group - 2 2-40,text,true,,2001,299,11,11,http://host.docker.internal:30005/api/cas/public/cas/basic_auth_public/signin/,2191,0,3
1670264013775,11,JSR223 Sampler,200,OK,Thread Group - 2 2-40,text,true,,0,0,11,11,null,0,0,0
1670264013786,6,JSR223 - Print,200,OK,Thread Group - 2 2-40,text,true,,0,0,11,11,null,0,0,0
1670264013804,19,List Users,403,Forbidden,Thread Group - 2 2-40,text,true,,284,1526,11,11,http://host.docker.internal:30005/api/cas/iam/users/users/,19,0,0
1670264013825,2040,List Policies,200,OK,Thread Group - 2 2-40,text,true,,845,1532,11,11,http://host.docker.internal:30005/api/cas/iam/policies/policies/,2040,0,0
1670264015867,37,Sign Out - Org User,200,OK,Thread Group - 2 2-40,text,true,,680,1565,11,11,http://host.docker.internal:30005/api/cas/cas/basic_auth/signout/,37,0,0
1670264015906,2202,Sign In - Org User,200,OK,Thread Group - 2 2-41,text,true,,1997,295,10,10,http://host.docker.internal:30005/api/cas/public/cas/basic_auth_public/signin/,2202,0,2
1670264018109,13,JSR223 Sampler,200,OK,Thread Group - 2 2-41,text,true,,0,0,10,10,null,0,0,0
1670264018122,4,JSR223 - Print,200,OK,Thread Group - 2 2-41,text,true,,0,0,10,10,null,0,0,0
1670264018130,63,List Users,200,OK,Thread Group - 2 2-41,text,true,,2147,1522,10,10,http://host.docker.internal:30005/api/cas/iam/users/users/,63,0,0
1670264018195,48,List Policies,200,OK,Thread Group - 2 2-41,text,true,,843,1528,10,10,http://host.docker.internal:30005/api/cas/iam/policies/policies/,48,0,0
1670264018259,55,Sign Out - Org User,200,OK,Thread Group - 2 2-41,text,true,,680,1561,10,10,http://host.docker.internal:30005/api/cas/cas/basic_auth/signout/,55,0,0
1670264018316,235,Sign In - Org User,200,OK,Thread Group - 2 2-42,text,true,,1994,297,9,9,http://host.docker.internal:30005/api/cas/public/cas/basic_auth_public/signin/,235,0,3
1670264018552,12,JSR223 Sampler,200,OK,Thread Group - 2 2-42,text,true,,0,0,9,9,null,0,0,0
1670264018564,8,JSR223 - Print,200,OK,Thread Group - 2 2-42,text,true,,0,0,9,9,null,0,0,0
1670264018581,33,List Policies,403,Forbidden,Thread Group - 2 2-42,text,true,,284,1528,9,9,http://host.docker.internal:30005/api/cas/iam/policies/policies/,33,0,0
1670264018616,49,List Users,403,Forbidden,Thread Group - 2 2-42,text,true,,284,1522,9,9,http://host.docker.internal:30005/api/cas/iam/users/users/,49,0,0
1670264018674,109,Sign Out - Org User,200,OK,Thread Group - 2 2-42,text,true,,680,1561,9,9,http://host.docker.internal:30005/api/cas/cas/basic_auth/signout/,109,0,0
1670264018785,203,Sign In - Org User,200,OK,Thread Group - 2 2-43,text,true,,1998,299,8,8,http://host.docker.internal:30005/api/cas/public/cas/basic_auth_public/signin/,203,0,2
1670264018989,13,JSR223 Sampler,200,OK,Thread Group - 2 2-43,text,true,,0,0,8,8,null,0,0,0
1670264019003,5,JSR223 - Print,200,OK,Thread Group - 2 2-43,text,true,,0,0,8,8,null,0,0,0
1670264019018,57,List Users,200,OK,Thread Group - 2 2-43,text,true,,2147,1526,8,8,http://host.docker.internal:30005/api/cas/iam/users/users/,57,0,0
1670264019077,24,List Policies,403,Forbidden,Thread Group - 2 2-43,text,true,,284,1532,8,8,http://host.docker.internal:30005/api/cas/iam/policies/policies/,24,0,0
1670264019106,86,Sign Out - Org User,200,OK,Thread Group - 2 2-43,text,true,,680,1565,8,8,http://host.docker.internal:30005/api/cas/cas/basic_auth/signout/,86,0,0
1670264019193,2195,Sign In - Org User,200,OK,Thread Group - 2 2-44,text,true,,2001,300,7,7,http://host.docker.internal:30005/api/cas/public/cas/basic_auth_public/signin/,2195,0,4
1670264021390,9,JSR223 Sampler,200,OK,Thread Group - 2 2-44,text,true,,0,0,7,7,null,0,0,0
1670264021399,6,JSR223 - Print,200,OK,Thread Group - 2 2-44,text,true,,0,0,7,7,null,0,0,0
1670264021413,2029,List Policies,403,Forbidden,Thread Group - 2 2-44,text,true,,286,1532,7,7,http://host.docker.internal:30005/api/cas/iam/policies/policies/,2029,0,0
1670264023445,20,List Users,403,Forbidden,Thread Group - 2 2-44,text,true,,284,1526,7,7,http://host.docker.internal:30005/api/cas/iam/users/users/,20,0,0
1670264023471,41,Sign Out - Org User,200,OK,Thread Group - 2 2-44,text,true,,680,1565,7,7,http://host.docker.internal:30005/api/cas/cas/basic_auth/signout/,41,0,0
1670264023514,354,Sign In - Org User,200,OK,Thread Group - 2 2-45,text,true,,2002,299,6,6,http://host.docker.internal:30005/api/cas/public/cas/basic_auth_public/signin/,354,0,7
1670264023869,14,JSR223 Sampler,200,OK,Thread Group - 2 2-45,text,true,,0,0,6,6,null,0,0,0
1670264023883,5,JSR223 - Print,200,OK,Thread Group - 2 2-45,text,true,,0,0,6,6,null,0,0,0
1670264023901,2035,List Users,403,Forbidden,Thread Group - 2 2-45,text,true,,286,1530,6,6,http://host.docker.internal:30005/api/cas/iam/users/users/,2035,0,0
1670264025938,2037,List Policies,200,OK,Thread Group - 2 2-45,text,true,,845,1536,6,6,http://host.docker.internal:30005/api/cas/iam/policies/policies/,2037,0,0
1670264027976,75,Sign Out - Org User,200,OK,Thread Group - 2 2-45,text,true,,680,1569,6,6,http://host.docker.internal:30005/api/cas/cas/basic_auth/signout/,75,0,0
1670264028052,167,Sign In - Org User,200,OK,Thread Group - 2 2-46,text,true,,1998,297,5,5,http://host.docker.internal:30005/api/cas/public/cas/basic_auth_public/signin/,167,0,3
1670264028219,15,JSR223 Sampler,200,OK,Thread Group - 2 2-46,text,true,,0,0,5,5,null,0,0,0
1670264028235,4,JSR223 - Print,200,OK,Thread Group - 2 2-46,text,true,,0,0,5,5,null,0,0,0
1670264028246,2043,List Users,200,OK,Thread Group - 2 2-46,text,true,,2152,1526,5,5,http://host.docker.internal:30005/api/cas/iam/users/users/,2043,0,0
1670264030291,19,List Policies,403,Forbidden,Thread Group - 2 2-46,text,true,,284,1532,5,5,http://host.docker.internal:30005/api/cas/iam/policies/policies/,19,0,0
1670264030313,54,Sign Out - Org User,200,OK,Thread Group - 2 2-46,text,true,,680,1565,5,5,http://host.docker.internal:30005/api/cas/cas/basic_auth/signout/,54,0,0
1670264030369,218,Sign In - Org User,200,OK,Thread Group - 2 2-47,text,true,,1998,298,4,4,http://host.docker.internal:30005/api/cas/public/cas/basic_auth_public/signin/,218,0,2
1670264030588,17,JSR223 Sampler,200,OK,Thread Group - 2 2-47,text,true,,0,0,4,4,null,0,0,0
1670264030605,12,JSR223 - Print,200,OK,Thread Group - 2 2-47,text,true,,0,0,4,4,null,0,0,0
1670264030622,2072,List Users,200,OK,Thread Group - 2 2-47,text,true,,2152,1526,4,4,http://host.docker.internal:30005/api/cas/iam/users/users/,2072,0,0
1670264032695,36,List Policies,200,OK,Thread Group - 2 2-47,text,true,,843,1532,4,4,http://host.docker.internal:30005/api/cas/iam/policies/policies/,36,0,0
1670264032740,91,Sign Out - Org User,200,OK,Thread Group - 2 2-47,text,true,,680,1565,4,4,http://host.docker.internal:30005/api/cas/cas/basic_auth/signout/,91,0,0
1670264032832,195,Sign In - Org User,200,OK,Thread Group - 2 2-48,text,true,,1998,300,3,3,http://host.docker.internal:30005/api/cas/public/cas/basic_auth_public/signin/,195,0,2
1670264033027,10,JSR223 Sampler,200,OK,Thread Group - 2 2-48,text,true,,0,0,3,3,null,0,0,0
1670264033037,7,JSR223 - Print,200,OK,Thread Group - 2 2-48,text,true,,0,0,3,3,null,0,0,0
1670264033048,2023,List Policies,403,Forbidden,Thread Group - 2 2-48,text,true,,286,1532,3,3,http://host.docker.internal:30005/api/cas/iam/policies/policies/,2023,0,0
1670264035074,69,List Users,403,Forbidden,Thread Group - 2 2-48,text,true,,284,1526,3,3,http://host.docker.internal:30005/api/cas/iam/users/users/,69,0,0
1670264035150,41,Sign Out - Org User,200,OK,Thread Group - 2 2-48,text,true,,680,1565,3,3,http://host.docker.internal:30005/api/cas/cas/basic_auth/signout/,41,0,0
1670264035193,2184,Sign In - Org User,200,OK,Thread Group - 2 2-49,text,true,,2001,298,2,2,http://host.docker.internal:30005/api/cas/public/cas/basic_auth_public/signin/,2184,0,2
1670264037377,9,JSR223 Sampler,200,OK,Thread Group - 2 2-49,text,true,,0,0,2,2,null,0,0,0
1670264037386,4,JSR223 - Print,200,OK,Thread Group - 2 2-49,text,true,,0,0,2,2,null,0,0,0
1670264037396,2023,List Policies,403,Forbidden,Thread Group - 2 2-49,text,true,,286,1532,2,2,http://host.docker.internal:30005/api/cas/iam/policies/policies/,2023,0,0
1670264039421,22,List Users,403,Forbidden,Thread Group - 2 2-49,text,true,,284,1526,2,2,http://host.docker.internal:30005/api/cas/iam/users/users/,22,0,0
1670264039448,42,Sign Out - Org User,200,OK,Thread Group - 2 2-49,text,true,,680,1565,2,2,http://host.docker.internal:30005/api/cas/cas/basic_auth/signout/,42,0,0
1670264039491,2320,Sign In - Org User,200,OK,Thread Group - 2 2-50,text,true,,2001,301,1,1,http://host.docker.internal:30005/api/cas/public/cas/basic_auth_public/signin/,2320,0,2
1670264041812,34,JSR223 Sampler,200,OK,Thread Group - 2 2-50,text,true,,0,0,1,1,null,0,0,0
1670264041846,11,JSR223 - Print,200,OK,Thread Group - 2 2-50,text,true,,0,0,1,1,null,0,0,0
1670264041873,97,List Policies,403,Forbidden,Thread Group - 2 2-50,text,true,,284,1532,1,1,http://host.docker.internal:30005/api/cas/iam/policies/policies/,97,0,0
1670264041973,25,List Users,403,Forbidden,Thread Group - 2 2-50,text,true,,284,1526,1,1,http://host.docker.internal:30005/api/cas/iam/users/users/,25,0,0
1670264042007,101,Sign Out - Org User,200,OK,Thread Group - 2 2-50,text,true,,680,1565,1,1,http://host.docker.internal:30005/api/cas/cas/basic_auth/signout/,101,0,0
